{
  "scoreCoefficients": [
    0.052204740888176344,
    -0.22447417566728914,
    0.23428160306796417,
    0.18173821746080954,
    -0.09906453227657332,
    0.1277144200487605,
    -0.05532818975642639,
    0.04054742305718663,
    -0.13529261200906081,
    0.0017712623491683986,
    -0.09303352737855203,
    0.2829870980806823,
    -0.11168996720230141,
    0.13783145400740188,
    0.21660815746257572,
    -0.16540207565795992,
    -0.010173120768680932,
    -0.1362435707432974,
    -0.012951345231316377,
    0.051600120694590176,
    0.11854960586024245,
    -0.022779830328489067,
    -0.0680129916076543,
    -0.009698941063207728,
    0.17510011054914507,
    -0.037481835381700086,
    -0.08390352774516519,
    0.03909735781104291,
    -0.11373740881198081,
    -0.026042264979232586,
    -0.08918478333104168,
    0.22128722443454457,
    0.04852895183897502,
    0.08578105203361497,
    0.12369479250864068,
    0.010309828324251404
  ],
  "cardCoefficients": [
    0.030298357379553314,
    -0.020541469803674137,
    0.05865834146003619,
    0.014407478101948108,
    0.038257253569832936,
    0.015033621939482789,
    0.083833189323504,
    0.1487076016504455,
    -0.052046995007347295,
    -0.014354308949430369,
    0.09166689549925446,
    0.11509667642635615,
    -0.08740914898912254,
    -0.09400284645674946,
    0.043421016628691585,
    0.025575456033723326,
    -0.054986745450362993,
    -0.06094460496954497
  ],
  "baselineRates": [
    [
      0.06933333333333333,
      0.026666666666666665,
      0.010666666666666666,
      0.014666666666666666,
      0.0013333333333333333,
      0.008
    ],
    [
      0.0675,
      0.02625,
      0.01,
      0.015,
      0.0025,
      0.00875
    ],
    [
      0.06352941176470588,
      0.02823529411764706,
      0.009411764705882352,
      0.01411764705882353,
      0.002352941176470588,
      0.008235294117647058
    ],
    [
      0.06666666666666667,
      0.035555555555555556,
      0.008888888888888889,
      0.014444444444444444,
      0.0022222222222222222,
      0.0077777777777777776
    ],
    [
      0.06947368421052631,
      0.03684210526315789,
      0.008421052631578947,
      0.01368421052631579,
      0.002105263157894737,
      0.007368421052631579
    ],
    [
      0.071,
      0.038,
      0.008,
      0.013999999999999999,
      0.002,
      0.006999999999999999
    ],
    [
      0.07047619047619047,
      0.04190476190476191,
      0.007619047619047619,
      0.014285714285714285,
      0.0019047619047619048,
      0.006666666666666666
    ],
    [
      0.071,
      0.038,
      0.008,
      0.013999999999999999,
      0.002,
      0.006999999999999999
    ],
    [
      0.07047619047619047,
      0.04190476190476191,
      0.007619047619047619,
      0.014285714285714285,
      0.0019047619047619048,
      0.006666666666666666
    ],
    [
      0.07,
      0.04090909090909091,
      0.007272727272727273,
      0.013636363636363636,
      0.002727272727272727,
      0.006363636363636364
    ],
    [
      0.06833333333333333,
      0.04166666666666667,
      0.009166666666666667,
      0.013333333333333332,
      0.004166666666666667,
      0.0075
    ],
    [
      0.06833333333333333,
      0.04166666666666667,
      0.009166666666666667,
      0.013333333333333332,
      0.004166666666666667,
      0.0075
    ],
    [
      0.0674074074074074,
      0.04666666666666667,
      0.008148148148148147,
      0.012592592592592593,
      0.005185185185185185,
      0.007407407407407407
    ],
    [
      0.06785714285714285,
      0.045714285714285714,
      0.00857142857142857,
      0.012142857142857143,
      0.005,
      0.007142857142857143
    ],
    [
      0.06620689655172414,
      0.046206896551724136,
      0.008275862068965517,
      0.011724137931034481,
      0.004827586206896552,
      0.006896551724137932
    ],
    [
      0.06896551724137931,
      0.04758620689655173,
      0.010344827586206896,
      0.011724137931034481,
      0.005517241379310344,
      0.00896551724137931
    ],
    [
      0.0696551724137931,
      0.04827586206896552,
      0.010344827586206896,
      0.012413793103448277,
      0.005517241379310344,
      0.00896551724137931
    ],
    [
      0.06689655172413793,
      0.04965517241379311,
      0.010344827586206896,
      0.011034482758620689,
      0.0062068965517241385,
      0.00896551724137931
    ],
    [
      0.06482758620689655,
      0.04965517241379311,
      0.009655172413793104,
      0.011034482758620689,
      0.0062068965517241385,
      0.009655172413793104
    ],
    [
      0.06344827586206897,
      0.0503448275862069,
      0.009655172413793104,
      0.010344827586206896,
      0.0062068965517241385,
      0.00896551724137931
    ],
    [
      0.057931034482758624,
      0.05241379310344827,
      0.009655172413793104,
      0.011034482758620689,
      0.0062068965517241385,
      0.009655172413793104
    ],
    [
      0.05655172413793103,
      0.05172413793103448,
      0.009655172413793104,
      0.011034482758620689,
      0.0062068965517241385,
      0.009655172413793104
    ],
    [
      0.05241379310344827,
      0.05448275862068965,
      0.009655172413793104,
      0.010344827586206896,
      0.0062068965517241385,
      0.00896551724137931
    ],
    [
      0.052173913043478265,
      0.06086956521739131,
      0.00782608695652174,
      0.009565217391304347,
      0.00782608695652174,
      0.009565217391304347
    ],
    [
      0.05428571428571429,
      0.06,
      0.007619047619047619,
      0.00857142857142857,
      0.00857142857142857,
      0.010476190476190477
    ],
    [
      0.051304347826086956,
      0.06,
      0.006956521739130434,
      0.00782608695652174,
      0.00782608695652174,
      0.009565217391304347
    ],
    [
      0.05333333333333333,
      0.06285714285714286,
      0.006666666666666666,
      0.006666666666666666,
      0.006666666666666666,
      0.007619047619047619
    ],
    [
      0.05652173913043478,
      0.058260869565217394,
      0.006956521739130434,
      0.006956521739130434,
      0.008695652173913044,
      0.00782608695652174
    ],
    [
      0.056190476190476187,
      0.05333333333333333,
      0.007619047619047619,
      0.006666666666666666,
      0.009523809523809523,
      0.00857142857142857
    ],
    [
      0.05428571428571429,
      0.05047619047619047,
      0.00857142857142857,
      0.007619047619047619,
      0.009523809523809523,
      0.009523809523809523
    ],
    [
      0.049411764705882356,
      0.05058823529411764,
      0.009411764705882352,
      0.0058823529411764705,
      0.010588235294117647,
      0.010588235294117647
    ],
    [
      0.049411764705882356,
      0.047058823529411764,
      0.008235294117647058,
      0.0058823529411764705,
      0.009411764705882352,
      0.009411764705882352
    ],
    [
      0.04777777777777778,
      0.04666666666666667,
      0.0077777777777777776,
      0.006666666666666666,
      0.008888888888888889,
      0.008888888888888889
    ],
    [
      0.049411764705882356,
      0.047058823529411764,
      0.007058823529411765,
      0.007058823529411765,
      0.008235294117647058,
      0.009411764705882352
    ],
    [
      0.04625,
      0.04375,
      0.0075,
      0.00625,
      0.00625,
      0.01
    ],
    [
      0.04666666666666667,
      0.04133333333333334,
      0.008,
      0.006666666666666666,
      0.006666666666666666,
      0.010666666666666666
    ],
    [
      0.047142857142857146,
      0.03857142857142857,
      0.00857142857142857,
      0.007142857142857143,
      0.007142857142857143,
      0.01
    ],
    [
      0.04461538461538462,
      0.04,
      0.007692307692307693,
      0.007692307692307693,
      0.007692307692307693,
      0.010769230769230769
    ],
    [
      0.04666666666666667,
      0.03833333333333334,
      0.008333333333333333,
      0.008333333333333333,
      0.008333333333333333,
      0.011666666666666667
    ],
    [
